{
  "1": {
    "AB": 3.895647215358297,
    "R": 0.6312488120129253,
    "H": 1.034023949819426,
    "HR": 0.1492111765823988,
    "RBI": 0.44098080212887286,
    "BB": 0.3725527466261167,
    "HBP": 0.04314769055312678,
    "SF": 0.018247481467401634,
    "SB": 0.09750997909142749,
    "OBP": 0.3269378143451555,
    "XBH": 0.3746436038775898
  },
  "2": {
    "AB": 3.7907421576128537,
    "R": 0.6260520275439939,
    "H": 1.0313695485845447,
    "HR": 0.1702371843917368,
    "RBI": 0.5013389441469013,
    "BB": 0.3909716908951798,
    "HBP": 0.04380260137719969,
    "SF": 0.023527161438408568,
    "SB": 0.06503442999234889,
    "OBP": 0.33532672058877433,
    "XBH": 0.4070390206579954
  },
  "3": {
    "AB": 3.691469013006886,
    "R": 0.5548967100229534,
    "H": 0.9850803366488141,
    "HR": 0.18420045906656465,
    "RBI": 0.577850038255547,
    "BB": 0.388867635807192,
    "HBP": 0.047819433817903594,
    "SF": 0.03136954858454476,
    "SB": 0.040742157612853866,
    "OBP": 0.33388485080336894,
    "XBH": 0.4045524100994644
  },
  "4": {
    "AB": 3.5972781291930227,
    "R": 0.539773816369561,
    "H": 0.9355951696377228,
    "HR": 0.1863139735480161,
    "RBI": 0.5959363618938087,
    "BB": 0.39620471535365154,
    "HBP": 0.04447000191681043,
    "SF": 0.0327774583093732,
    "SB": 0.03565267395054629,
    "OBP": 0.330831439342079,
    "XBH": 0.40003833620854895
  },
  "5": {
    "AB": 3.5284445284445285,
    "R": 0.49177849177849176,
    "H": 0.9036099036099036,
    "HR": 0.15819315819315818,
    "RBI": 0.5382725382725383,
    "BB": 0.3311283311283311,
    "HBP": 0.04044604044604044,
    "SF": 0.027405027405027406,
    "SB": 0.028539028539028538,
    "OBP": 0.3162168912168923,
    "XBH": 0.3568323568323568
  },
  "6": {
    "AB": 3.3953660797034293,
    "R": 0.43262279888785915,
    "H": 0.8619091751621872,
    "HR": 0.1314179796107507,
    "RBI": 0.4633920296570899,
    "BB": 0.29156626506024097,
    "HBP": 0.03948100092678406,
    "SF": 0.02075996292863763,
    "SB": 0.0376274328081557,
    "OBP": 0.30916523235800375,
    "XBH": 0.32363299351251157
  },
  "7": {
    "AB": 3.3001491424310214,
    "R": 0.406972408650261,
    "H": 0.8077926920208799,
    "HR": 0.11428038777032065,
    "RBI": 0.42263236390753167,
    "BB": 0.2975391498881432,
    "HBP": 0.039895600298284865,
    "SF": 0.025540641312453392,
    "SB": 0.047725577926920205,
    "OBP": 0.30605314086857727,
    "XBH": 0.2889634601043997
  },
  "8": {
    "AB": 2.9626151973569814,
    "R": 0.36289340984176666,
    "H": 0.698661102416971,
    "HR": 0.09963484611371935,
    "RBI": 0.36271952703877586,
    "BB": 0.2858633281168492,
    "HBP": 0.041384107111806644,
    "SF": 0.02034428794992175,
    "SB": 0.03234220135628586,
    "OBP": 0.3003177501221313,
    "XBH": 0.2536950095635542
  },
  "9": {
    "AB": 1.8556527590847913,
    "R": 0.20513683266038582,
    "H": 0.3806639748766263,
    "HR": 0.04867653656348138,
    "RBI": 0.19055630327501122,
    "BB": 0.13750560789591745,
    "HBP": 0.018730372364288917,
    "SF": 0.009533423059668013,
    "SB": 0.020749214894571558,
    "OBP": 0.25300663333974244,
    "XBH": 0.12875729026469268
  }
}